contract,bug_type,func,iter_1,iter_2,iter_3,iter_4,iter_5,iter_6,iter_7,iter_8,iter_9,iter_10,iter_11,iter_12,iter_13,iter_14,iter_15,iter_16,iter_17,iter_18,iter_19,iter_20,iter_21,iter_22,iter_23,iter_24,iter_25,iter_26,iter_27,iter_28,iter_29,iter_30,iter_31,iter_32,iter_33,iter_34,iter_35,iter_36,iter_37,iter_38,iter_39,iter_40
0x0208a56ea43c3ff6c2611071948794c2674a16b9_1,SuicidalContract,kill,5,8,9,6,20,11,4,9,16,17,13,15,17,10,18,4,15,7,9,12,13,10,20,13,12,15,9,18,28,9,6,15,4,5,3,16,4,18,31,9
0x0208a56ea43c3ff6c2611071948794c2674a16b9_2,SuicidalContract,kill,4,4,3,4,4,3,3,5,3,4,4,3,4,3,5,3,3,5,5,3,4,3,15,9,3,3,4,15,3,3,3,3,7,2,5,3,3,5,4,5
0x0208a56ea43c3ff6c2611071948794c2674a16b9_3,SuicidalContract,kill,23,45,134,9,27,222,47,38,64,89,33,469,27,164,61,857,104,400,28,163,212,154,247,123,460,348,321,270,37,149,76,278,13,83,56,368,35,66,147,321
0x05f8b281410c9327a1bbf508db380fd967c31df6,SuicidalContract,selfdestructs,4,4,3,4,11,3,3,4,5,3,2,4,4,4,4,8,3,3,4,3,4,3,15,19,4,4,4,10,5,5,4,4,10,8,3,5,4,16,4,9
0x0d0edbcf2c0da25ac9a79c9466989e46a8f96221_1,SuicidalContract,kill,1,6,1,4,4,2,2,4,2,2,4,2,2,5,2,4,5,2,4,6,1,2,6,4,2,2,2,2,2,1,2,2,3,1,2,1,2,2,2,6
0x0d0edbcf2c0da25ac9a79c9466989e46a8f96221_2,SuicidalContract,kill,2,1,1,2,2,2,2,1,2,1,2,1,2,2,2,1,2,2,1,2,2,1,1,2,2,2,2,1,2,2,2,2,2,2,1,2,2,1,2,1
0x11eba93a0a852fd34002f5411e1663cf864edb8b_1,SuicidalContract,deprecateContract,1177,1075,903,46,185,93,373,766,550,146,188,310,650,64,244,54,73,71,1604,100,161,164,33,247,24,148,229,347,2576,338,180,26,172,130,442,446,647,211,181,223
0x11eba93a0a852fd34002f5411e1663cf864edb8b_2,SuicidalContract,deprecateContract,88,261,182,53,146,43,236,18,44,241,59,72,364,57,177,65,182,76,69,31,52,163,49,29,260,129,195,63,20,44,17,53,95,186,49,15,98,42,15,26
0x11eba93a0a852fd34002f5411e1663cf864edb8b_3,SuicidalContract,deprecateContract,163,N/A,N/A,N/A,N/A,N/A,N/A,N/A,1076,N/A,N/A,N/A,448,N/A,N/A,N/A,N/A,N/A,N/A,N/A,N/A,N/A,N/A,N/A,N/A,2625,N/A,N/A,N/A,221,N/A,796,N/A,N/A,4099,N/A,N/A,3055,3392,3637
0x2120887e9e4889653770b228ee8d13231d0ef045_1,SuicidalContract,kill,375,120,21,7,30,29,26,224,26,29,86,74,28,28,14,85,30,25,116,190,26,7,6,28,23,121,24,27,139,87,35,364,272,91,21,20,26,32,29,204
0x2120887e9e4889653770b228ee8d13231d0ef045_2,SuicidalContract,kill,10,27,5,12,21,5,13,14,6,22,28,27,7,14,13,12,12,5,7,6,32,5,21,27,14,6,16,13,21,20,31,21,6,19,6,13,13,6,12,13
0x2120887e9e4889653770b228ee8d13231d0ef045_3,SuicidalContract,kill,N/A,N/A,N/A,N/A,N/A,N/A,N/A,N/A,N/A,N/A,N/A,N/A,N/A,N/A,N/A,N/A,N/A,N/A,N/A,N/A,N/A,N/A,N/A,N/A,N/A,N/A,1716,N/A,N/A,N/A,N/A,N/A,N/A,N/A,N/A,N/A,N/A,N/A,N/A,N/A
0x287fda15f8f002e5df9f536f10bbfc0816960f36_1,SuicidalContract,selfdestructs,19,18,99,59,87,23,13,19,129,38,30,3,40,21,21,12,24,20,125,26,189,50,63,11,114,3,21,105,20,18,37,31,42,47,21,38,39,18,49,48
0x287fda15f8f002e5df9f536f10bbfc0816960f36_2,SuicidalContract,selfdestructs,3,13,7,7,12,3,3,3,19,4,13,3,16,3,3,15,9,3,3,4,3,29,3,4,8,7,13,38,13,3,12,3,6,20,3,3,15,3,3,20
0x287fda15f8f002e5df9f536f10bbfc0816960f36_3,SuicidalContract,selfdestructs,N/A,262,N/A,N/A,177,N/A,N/A,N/A,1587,N/A,5833,749,4183,N/A,N/A,256,N/A,776,59,270,N/A,N/A,N/A,7,N/A,3811,N/A,N/A,N/A,3993,47,N/A,N/A,723,N/A,N/A,2417,N/A,N/A,N/A
0x34BC9A332350A41374aa650f1152C8D88e35a878_1,SuicidalContract,collectOwnerWinnings,N/A,N/A,N/A,N/A,N/A,155,4386,N/A,N/A,N/A,N/A,154,N/A,N/A,N/A,N/A,N/A,35,N/A,N/A,N/A,N/A,N/A,N/A,N/A,N/A,123,N/A,N/A,N/A,6991,2824,N/A,N/A,N/A,402,N/A,6809,N/A,N/A
0x34BC9A332350A41374aa650f1152C8D88e35a878_2,SuicidalContract,collectOwnerWinnings,N/A,N/A,N/A,N/A,N/A,N/A,N/A,N/A,N/A,N/A,N/A,N/A,N/A,N/A,N/A,N/A,N/A,N/A,N/A,N/A,N/A,N/A,N/A,N/A,N/A,N/A,N/A,N/A,N/A,N/A,N/A,N/A,N/A,N/A,N/A,N/A,N/A,N/A,N/A,N/A
0x42e98f6ed27fc8f76118efb7d4fe9a254bf3bcc9_1,SuicidalContract,close,8,14,13,4,13,5,13,2,12,4,18,4,4,15,7,5,19,5,16,5,5,18,4,5,4,8,10,15,9,5,19,3,4,5,3,9,3,12,5,9
0x42e98f6ed27fc8f76118efb7d4fe9a254bf3bcc9_2,SuicidalContract,close,4,5,5,7,4,5,3,4,3,5,4,5,2,4,4,5,4,5,3,3,5,4,9,4,5,3,4,4,5,2,5,4,5,3,3,3,5,4,5,4
0x42e98f6ed27fc8f76118efb7d4fe9a254bf3bcc9_3,SuicidalContract,close,27,906,38,3353,2134,1616,67,42,422,154,39,29,2020,356,172,27,23,332,1141,987,418,252,226,64,531,529,35,171,40,606,43,136,1305,872,215,98,53,1819,1434,684
0x5f7bb27f7a4702ebce052745cddc1f567ec89e15_1,SuicidalContract,stop,10,17,22,23,28,16,15,25,23,23,12,22,24,20,20,14,5,18,19,23,22,5,24,30,6,10,20,18,22,30,29,23,5,5,8,14,22,31,34,7
0x5f7bb27f7a4702ebce052745cddc1f567ec89e15_2,SuicidalContract,stop,4,9,4,6,5,4,4,5,19,5,4,11,5,4,4,5,5,4,10,4,4,14,13,5,6,6,12,4,31,6,5,8,5,4,4,4,6,5,12,5
0x5f7bb27f7a4702ebce052745cddc1f567ec89e15_3,SuicidalContract,stop,34,43,5332,368,4991,72,22,50,56,N/A,545,178,25,61,42,804,18,5,89,74,1351,52,41,392,28,121,74,23,512,1133,52,1127,873,15,243,146,94,34,3211,517
0x860a8c64cbc7f9aac11428ef8df989f5770cda60_1,SuicidalContract,destoryContract,136,40,45,26,50,131,31,224,30,133,128,289,111,25,146,79,14,114,215,138,98,29,112,37,176,42,10,34,105,60,132,63,38,42,95,21,279,519,65,78
0x860a8c64cbc7f9aac11428ef8df989f5770cda60_2,SuicidalContract,destoryContract,76,40,59,58,21,39,133,114,37,54,121,41,39,29,66,69,29,60,85,34,63,70,149,114,24,27,100,92,105,100,60,56,115,62,62,105,32,43,17,30
0x860a8c64cbc7f9aac11428ef8df989f5770cda60_3,SuicidalContract,destoryContract,1255,1935,225,2061,5834,6926,2038,N/A,1150,1528,N/A,N/A,632,743,N/A,109,1639,7139,N/A,N/A,N/A,1480,629,2696,N/A,N/A,N/A,629,N/A,N/A,251,N/A,N/A,5076,N/A,1820,4814,1318,N/A,50
0x95195adFb67f28AcFC07CE09eb496188527C0303_2,SuicidalContract,kill,92,506,1327,404,848,110,108,430,1270,99,N/A,105,466,701,1317,1347,N/A,861,1194,105,2418,523,101,701,694,6854,436,104,N/A,569,738,98,321,2121,1311,97,N/A,2372,97,1555
0x95195adFb67f28AcFC07CE09eb496188527C0303_3,SuicidalContract,kill,N/A,N/A,N/A,N/A,N/A,N/A,N/A,N/A,N/A,N/A,N/A,N/A,N/A,N/A,N/A,N/A,N/A,N/A,N/A,N/A,N/A,N/A,N/A,N/A,N/A,N/A,N/A,N/A,N/A,N/A,N/A,N/A,N/A,N/A,N/A,N/A,N/A,N/A,N/A,N/A
0x9ac4883b0226fb37fa362dbd76564c539c4f0ee6_1,SuicidalContract,finish,3,2,3,4,3,3,5,3,3,3,3,3,4,2,2,3,3,3,3,4,3,3,3,3,3,1,1,3,3,3,3,3,4,3,4,3,1,3,3,5
0x9ac4883b0226fb37fa362dbd76564c539c4f0ee6_2,SuicidalContract,finish,3,3,3,4,4,4,3,1,2,3,3,3,2,3,4,3,3,4,3,3,2,3,4,4,4,5,3,5,4,3,3,3,3,3,3,1,4,3,3,3
0x9ac4883b0226fb37fa362dbd76564c539c4f0ee6_3,SuicidalContract,finish,39,806,86,283,306,30,66,71,28,21,53,25,138,34,100,163,34,203,19,61,252,19,45,25,34,212,21,25,17,157,178,52,74,40,27,62,147,76,73,119
0xa78a974b487357ad5c17a072dfee4d31b839b331_1,SuicidalContract,kill,43,3,58,22,5,17,64,13,16,N/A,21,21,51,16,21,17,15,16,43,19,14,19,20,19,15,14,20,15,16,13,48,3,12,3,21,13,27,21,19,8
0xa78a974b487357ad5c17a072dfee4d31b839b331_2,SuicidalContract,kill,11,6,16,3,14,3,26,18,3,3,12,14,3,3,20,18,11,4,2,3,6,17,6,16,11,21,56,3,3,18,3,12,10,26,12,6,N/A,7,2,3
0xb5c0e43a6330b9eb904ec57ea24d70269ae4652e,SuicidalContract,destroycontract,2,2,2,4,2,3,2,2,2,2,1,2,2,2,4,2,2,2,2,2,2,2,2,2,2,2,2,2,2,1,2,2,2,2,2,2,2,2,2,2
0xb60e133dacf00b6f560909dc0a5311ae7f9a659b,SuicidalContract,kill,8,4,2,7,4,8,9,7,7,2,8,5,14,6,18,2,16,5,8,12,20,12,5,8,16,2,5,8,5,5,7,4,7,2,5,2,9,2,5,5
0xead71f4d060ddc7656c959b482fbdfaca95c5d9d,SuicidalContract,selfdestructs,5,18,33,3,3,10,18,11,10,4,18,17,3,3,24,4,3,3,4,3,6,3,13,10,3,3,6,24,5,4,5,6,3,5,3,4,3,10,4,4
0xfaf33ee481f6b1f878b68c06181e46a2e9226938_1,SuicidalContract,admin,2,6,3,3,6,4,3,13,3,3,6,11,3,3,8,3,2,12,10,11,3,4,3,3,3,4,3,2,11,9,14,3,11,6,3,11,4,3,3,3
0xfaf33ee481f6b1f878b68c06181e46a2e9226938_2,SuicidalContract,admin,3,3,3,3,3,3,4,3,3,3,3,3,3,9,3,3,3,3,3,3,3,10,6,3,3,3,6,3,3,4,3,3,3,3,3,3,3,5,3,3
0xfbfa60a21b423cb364de616a37464b61c1bc4c88_1,SuicidalContract,kill,11,21,20,11,16,13,36,25,21,33,21,13,30,51,13,25,20,22,18,32,17,13,15,17,7,20,16,13,25,11,13,30,14,27,10,18,24,11,21,24
0xfbfa60a21b423cb364de616a37464b61c1bc4c88_2,SuicidalContract,kill,8,6,6,15,9,12,8,15,5,6,6,6,8,6,13,9,6,6,8,9,11,5,5,9,22,14,8,7,10,6,7,15,6,6,15,10,7,5,9,6
0xfbfa60a21b423cb364de616a37464b61c1bc4c88_3,SuicidalContract,kill,N/A,N/A,N/A,N/A,N/A,66,N/A,N/A,N/A,N/A,N/A,N/A,634,4609,N/A,677,N/A,N/A,N/A,N/A,N/A,N/A,154,5448,N/A,N/A,N/A,N/A,N/A,N/A,3001,N/A,N/A,N/A,N/A,N/A,N/A,N/A,5468,N/A
0xfc1078a7bb4521881663df4148434acd991af14c_1,SuicidalContract,destroy,14,4,16,4,4,9,3,3,13,12,17,16,3,3,20,8,12,17,3,16,4,12,4,3,12,3,3,4,3,12,3,12,11,4,11,13,12,12,16,12
0xfc1078a7bb4521881663df4148434acd991af14c_2,SuicidalContract,destroy,18,5,13,4,4,5,4,20,5,17,10,13,5,4,20,4,13,17,14,19,14,4,5,10,19,19,16,6,17,18,4,4,4,20,4,19,4,13,5,4
0xfc1078a7bb4521881663df4148434acd991af14c_3,SuicidalContract,destroy,4060,1302,1224,N/A,N/A,4873,5106,1899,N/A,3019,791,N/A,317,844,N/A,394,N/A,127,1354,586,3456,127,557,95,3285,63,5099,1245,1245,1554,81,746,55,1829,1954,N/A,297,1909,3373,2237
parity_wallet_bug_2,SuicidalContract,kill,N/A,152,N/A,N/A,N/A,34,156,76,26,83,N/A,214,N/A,N/A,N/A,25,27,N/A,N/A,86,253,N/A,N/A,N/A,N/A,N/A,N/A,N/A,245,N/A,N/A,N/A,N/A,N/A,N/A,N/A,N/A,N/A,N/A,N/A
simple_suicide,SuicidalContract,sudicideAnyone,1,1,1,1,1,1,1,1,1,1,1,1,1,1,1,1,1,1,1,1,1,1,1,1,1,1,1,1,1,1,1,1,1,1,1,1,1,1,1,1
